,ISOcode,Country,Country_WB
13,BHS,Bahamas,"Bahamas, The"
23,BOL,Bolivia (Plurinational State of),Bolivia
39,CHI,,Channel Islands
44,COD,Democratic Republic of the Congo,"Congo, Dem. Rep."
45,COG,Congo,"Congo, Rep."
47,CIV,Côte d’Ivoire,Cote d'Ivoire
50,CUW,Curaçao,Curacao
58,EGY,Egypt,"Egypt, Arab Rep."
71,GMB,Gambia,"Gambia, The"
86,HKG,"China, Hong Kong Special Administrative Region","Hong Kong SAR, China"
91,IRN,Iran (Islamic Republic of),"Iran, Islamic Rep."
103,PRK,Democratic People's Republic of Korea,"Korea, Dem. People's Rep."
104,KOR,Republic of Korea,"Korea, Rep."
105,XKX,,Kosovo
107,KGZ,Kyrgyzstan,Kyrgyz Republic
108,LAO,Lao People's Democratic Republic,Lao PDR
117,MAC,"China, Macao Special Administrative Region","Macao SAR, China"
128,FSM,Micronesia (Federated States of),"Micronesia, Fed. Sts."
129,MDA,Republic of Moldova,Moldova
139,NLD,Netherlands (Kingdom of the),Netherlands
173,SVK,Slovakia,Slovak Republic
181,KNA,Saint Kitts and Nevis,St. Kitts and Nevis
182,LCA,Saint Lucia,St. Lucia
183,MAF,Saint Martin (French Part),St. Martin (French part)
184,VCT,Saint Vincent and the Grenadines,St. Vincent and the Grenadines
191,TZA,United Republic of Tanzania,Tanzania
198,TUR,Türkiye,Turkiye
205,GBR,United Kingdom of Great Britain and Northern Ireland,United Kingdom
206,USA,United States of America,United States
210,VEN,Venezuela (Bolivarian Republic of),"Venezuela, RB"
212,VIR,United States Virgin Islands,Virgin Islands (U.S.)
213,PSE,State of Palestine,West Bank and Gaza
214,YEM,Yemen,"Yemen, Rep."
217,AFE,,Africa Eastern and Southern
218,AFW,,Africa Western and Central
219,ARB,,Arab World
220,CSS,,Caribbean small states
221,CEB,,Central Europe and the Baltics
222,EAR,,Early-demographic dividend
223,EAS,,East Asia & Pacific
224,EAP,,East Asia & Pacific (excluding high income)
225,TEA,,East Asia & Pacific (IDA & IBRD countries)
226,EMU,,Euro area
227,ECS,,Europe & Central Asia
228,ECA,,Europe & Central Asia (excluding high income)
229,TEC,,Europe & Central Asia (IDA & IBRD countries)
230,EUU,,European Union
231,FCS,,Fragile and conflict affected situations
232,HPC,,Heavily indebted poor countries (HIPC)
233,HIC,,High income
234,IBD,,IBRD only
235,IBT,,IDA & IBRD total
236,IDB,,IDA blend
237,IDX,,IDA only
238,IDA,,IDA total
239,LTE,,Late-demographic dividend
240,LCN,,Latin America & Caribbean
241,LAC,,Latin America & Caribbean (excluding high income)
242,TLA,,Latin America & the Caribbean (IDA & IBRD countries)
243,LDC,,Least developed countries: UN classification
244,LMY,,Low & middle income
245,LIC,,Low income
246,LMC,,Lower middle income
247,MEA,,Middle East & North Africa
248,MNA,,Middle East & North Africa (excluding high income)
249,TMN,,Middle East & North Africa (IDA & IBRD countries)
250,MIC,,Middle income
251,NAC,,North America
252,INX,,Not classified
253,OED,,OECD members
254,OSS,,Other small states
255,PSS,,Pacific island small states
256,PST,,Post-demographic dividend
257,PRE,,Pre-demographic dividend
258,SST,,Small states
259,SAS,,South Asia
260,TSA,,South Asia (IDA & IBRD)
261,SSF,,Sub-Saharan Africa
262,SSA,,Sub-Saharan Africa (excluding high income)
263,TSS,,Sub-Saharan Africa (IDA & IBRD countries)
264,UMC,,Upper middle income
265,WLD,,World
