,SeriesCode,SeriesName,TypeCode,UnitCode,StudyCode,GraphUnit
0,AG.LND.AGRI.K2,Agricultural land (sq. km),LND-AGRI,K2,AG,SQ. KM
1,AG.LND.AGRI.ZS,Agricultural land (% of land area),LND-AGRI,ZS,AG,% OF LAND AREA
41,AG.LND.ARBL.HA,Arable land (hectares),LND-ARBL,HA,AG,HECTARES
2,AG.LND.ARBL.ZS,Arable land (% of land area),LND-ARBL,ZS,AG,% OF LAND AREA
66,AG.LND.CREL.HA,Land under cereal production (hectares),LND-CREL,HA,AG,HECTARES
69,AG.LND.CROP.ZS,Permanent cropland (% of land area),LND-CROP,ZS,AG,% OF LAND AREA
85,AG.LND.EL5M.RU.ZS,Rural land area where elevation is below 5 meters (% of total land area),LND-EL5M,ZS,AG,% OF TOTAL LAND AREA
3,AG.LND.EL5M.UR.K2,Urban land area where elevation is below 5 meters (sq. km),LND-EL5M,K2,AG,SQ. KM
4,AG.LND.EL5M.UR.ZS,Urban land area where elevation is below 5 meters (% of total land area),LND-EL5M,ZS,AG,% OF TOTAL LAND AREA
5,AG.LND.EL5M.ZS,Land area where elevation is below 5 meters (% of total land area),LND-EL5M,ZS,AG,% OF TOTAL LAND AREA
6,AG.LND.FRST.K2,Forest area (sq. km),LND-FRST,K2,AG,SQ. KM
7,AG.LND.IRIG.AG.ZS,Agricultural irrigated land (% of total agricultural land),LND-IRIG,ZS,AG,% OF TOTAL AGRICULTURAL LAND
8,AG.LND.PRCP.MM,Average precipitation in depth (mm per year),LND-PRCP,MM,AG,MM PER YEAR
44,AG.LND.TOTL.K2,Land area (sq. km),LND-TOTL,K2,AG,SQ. KM
45,AG.LND.TOTL.RU.K2,Rural land area (sq. km),LND-TOTL,K2,AG,SQ. KM
43,AG.LND.TOTL.UR.K2,Urban land area (sq. km),LND-TOTL,K2,AG,SQ. KM
55,AG.PRD.CREL.MT,Cereal production (metric tons),PRD-CREL,MT,AG,METRIC TONS
42,AG.SRF.TOTL.K2,Surface area (sq. km),SRF-TOTL,K2,AG,SQ. KM
12,BX.KLT.DINV.WD.GD.ZS,"Foreign direct investment, net inflows (% of GDP)",KLT-DINV-WD,ZS,BX,% OF GDP
61,EG.ELC.COAL.ZS,Electricity production from coal sources (% of total),ELC-COAL,ZS,EG,% OF TOTAL
59,EG.ELC.FOSL.ZS,"Electricity production from oil, gas and coal sources (% of total)",ELC-FOSL,ZS,EG,% OF TOTAL
60,EG.ELC.HYRO.ZS,Electricity production from hydroelectric sources (% of total),ELC-HYRO,ZS,EG,% OF TOTAL
62,EG.ELC.LOSS.ZS,Electric power transmission and distribution losses (% of output),ELC-LOSS,ZS,EG,% OF OUTPUT
14,EG.ELC.NGAS.ZS,Electricity production from natural gas sources (% of total),ELC-NGAS,ZS,EG,% OF TOTAL
15,EG.ELC.NUCL.ZS,Electricity production from nuclear sources (% of total),ELC-NUCL,ZS,EG,% OF TOTAL
16,EG.ELC.PETR.ZS,Electricity production from oil sources (% of total),ELC-PETR,ZS,EG,% OF TOTAL
17,EG.ELC.RNEW.ZS,Renewable electricity output (% of total electricity output),ELC-RNEW,ZS,EG,% OF TOTAL ELECTRICITY OUTPUT
18,EG.ELC.RNWX.KH,"Electricity production from renewable sources, excluding hydroelectric (kWh)",ELC-RNWX,KH,EG,KWH
19,EG.ELC.RNWX.ZS,"Electricity production from renewable sources, excluding hydroelectric (% of total)",ELC-RNWX,ZS,EG,% OF TOTAL
20,EG.FEC.RNEW.ZS,Renewable energy consumption (% of total final energy consumption),FEC-RNEW,ZS,EG,% OF TOTAL FINAL ENERGY CONSUMPTION
63,EG.IMP.CONS.ZS,"Energy imports, net (% of energy use)",IMP-CONS,ZS,EG,% OF ENERGY USE
21,EG.USE.ELEC.KH.PC,Electric power consumption (kWh per capita),USE-ELEC,PC,EG,KWH PER CAPITA
49,EN.ATM.CO2E.EG.ZS,CO2 intensity (kg per kg of oil equivalent energy use),ATM-CO2E,ZS,EN,KG PER KG OF OIL EQUIVALENT ENERGY USE
48,EN.ATM.CO2E.GF.KT,CO2 emissions from gaseous fuel consumption (kt),ATM-CO2E,KT,EN,KT
22,EN.ATM.CO2E.KT,CO2 emissions (kt),ATM-CO2E,KT,EN,KT
23,EN.ATM.CO2E.LF.KT,CO2 emissions from liquid fuel consumption (kt),ATM-CO2E,KT,EN,KT
24,EN.ATM.CO2E.SF.KT,CO2 emissions from solid fuel consumption (kt),ATM-CO2E,KT,EN,KT
25,EN.ATM.GHGO.KT.CE,"Other greenhouse gas emissions, HFC, PFC and SF6 (thousand metric tons of CO2 equivalent)",ATM-GHGO,CE,EN,THOUSAND METRIC TONS OF CO2 EQUIVALENT
26,EN.ATM.GHGO.ZG,Other greenhouse gas emissions (% change from 1990),ATM-GHGO,ZG,EN,% CHANGE FROM 1990
27,EN.ATM.GHGT.KT.CE,Total greenhouse gas emissions (kt of CO2 equivalent),ATM-GHGT,CE,EN,KT OF CO2 EQUIVALENT
28,EN.ATM.GHGT.ZG,Total greenhouse gas emissions (% change from 1990),ATM-GHGT,ZG,EN,% CHANGE FROM 1990
46,EN.ATM.METH.AG.KT.CE,Agricultural methane emissions (thousand metric tons of CO2 equivalent),ATM-METH-AG,CE,EN,THOUSAND METRIC TONS OF CO2 EQUIVALENT
50,EN.ATM.METH.EG.KT.CE,Methane emissions in energy sector (thousand metric tons of CO2 equivalent),ATM-METH-EG,CE,EN,THOUSAND METRIC TONS OF CO2 EQUIVALENT
29,EN.ATM.METH.KT.CE,Methane emissions (kt of CO2 equivalent),ATM-METH,CE,EN,KT OF CO2 EQUIVALENT
47,EN.ATM.NOXE.AG.KT.CE,Agricultural nitrous oxide emissions (thousand metric tons of CO2 equivalent),ATM-NOXE-AG,CE,EN,THOUSAND METRIC TONS OF CO2 EQUIVALENT
51,EN.ATM.NOXE.EG.KT.CE,Nitrous oxide emissions in energy sector (thousand metric tons of CO2 equivalent),ATM-NOXE-EG,CE,EN,THOUSAND METRIC TONS OF CO2 EQUIVALENT
30,EN.ATM.NOXE.KT.CE,Nitrous oxide emissions (thousand metric tons of CO2 equivalent),ATM-NOXE,CE,EN,THOUSAND METRIC TONS OF CO2 EQUIVALENT
31,EN.ATM.PFCG.KT.CE,PFC gas emissions (thousand metric tons of CO2 equivalent),ATM-PFCG,CE,EN,THOUSAND METRIC TONS OF CO2 EQUIVALENT
71,EN.ATM.PM25.MC.T1.ZS,"PM2.5 pollution, population exposed to levels exceeding WHO Interim Target-1 value (% of total)",ATM-PM25-MC,ZS,EN,% OF TOTAL
72,EN.ATM.PM25.MC.T2.ZS,"PM2.5 pollution, population exposed to levels exceeding WHO Interim Target-2 value (% of total)",ATM-PM25-MC,ZS,EN,% OF TOTAL
73,EN.ATM.PM25.MC.T3.ZS,"PM2.5 pollution, population exposed to levels exceeding WHO Interim Target-3 value (% of total)",ATM-PM25-MC,ZS,EN,% OF TOTAL
70,EN.ATM.PM25.MC.ZS,"PM2.5 air pollution, population exposed to levels exceeding WHO guideline value (% of total)",ATM-PM25,ZS,EN,% OF TOTAL
32,EN.ATM.SF6G.KT.CE,SF6 gas emissions (thousand metric tons of CO2 equivalent),ATM-SF6G,CE,EN,THOUSAND METRIC TONS OF CO2 EQUIVALENT
58,EN.CLC.DRSK.XQ,Disaster risk reduction progress score (1-5 scale; 5=best),CLC-DRSK,XQ,EN,1-5 SCALE; 5=BEST
33,EN.CLC.MDAT.ZS,"Droughts, floods, extreme temperatures (% of population, average 1990-2009)",CLC-MDAT,ZS,EN,"% OF POPULATION, AVERAGE 1990-2009"
68,EN.MAM.THRD.NO,"Mammal species, threatened",MAM-THRD,NO,EN,People
34,EN.POP.EL5M.RU.ZS,Rural population living in areas where elevation is below 5 meters (% of total population),POP-EL5M,ZS,EN,% OF TOTAL POPULATION
35,EN.POP.EL5M.UR.ZS,Urban population living in areas where elevation is below 5 meters (% of total population),POP-EL5M,ZS,EN,% OF TOTAL POPULATION
81,EN.POP.EL5M.ZS,Population living in areas where elevation is below 5 meters (% of total population),POP-EL5M,ZS,EN,% OF TOTAL POPULATION
82,EN.URB.MCTY.TL.ZS,Population in urban agglomerations of more than 1 million (% of total population),URB-MCTY,ZS,EN,% OF TOTAL POPULATION
56,ER.FSH.CAPT.MT,Capture fisheries production (metric tons),FSH-CAPT,MT,ER,METRIC TONS
86,ER.FSH.PROD.MT,Total fisheries production (metric tons),FSH-PROD,MT,ER,METRIC TONS
36,ER.H2O.FWTL.K3,"Annual freshwater withdrawals, total (billion cubic meters)",H2O-FWTL,K3,ER,BILLION CUBIC METERS
37,ER.H2O.FWTL.ZS,"Annual freshwater withdrawals, total (% of internal resources)",H2O-FWTL,ZS,ER,% OF INTERNAL RESOURCES
38,ER.LND.PTLD.ZS,Terrestrial protected areas (% of total land area),LND-PTLD,ZS,ER,% OF TOTAL LAND AREA
39,ER.PTD.TOTL.ZS,Terrestrial and marine protected areas (% of total territorial area),PTD-TOTL,ZS,ER,% OF TOTAL TERRITORIAL AREA
52,IS.AIR.GOOD.MT.K1,"Air transport, freight (million ton-km)",AIR-GOOD,K1,IS,MILLION TON-KM
53,IS.AIR.PSGR,"Air transport, passengers carried",,--,IS,People
83,IS.RRS.GOOD.MT.K6,"Railways, goods transported (million ton-km)",RRS-GOOD,K6,IS,MILLION TON-KM
84,IS.RRS.PASG.KM,"Railways, passengers carried (million passenger-km)",RRS-PASG,KM,IS,MILLION PASSENGER-KM
40,NV.AGR.TOTL.ZS,"Agriculture, forestry, and fishing, value added (% of GDP)",AGR-TOTL,ZS,NV,% OF GDP
64,NY.GDP.MKTP.CD,GDP (current US$),GDP-MKTP,CD,NY,CURRENT US$
13,SH.MED.CMHW.P3,"Community health workers (per 1,000 people)",MED-CMHW,P3,SH,"PER 1,000 PEOPLE"
54,SP.DYN.CBRT.IN,"Birth rate, crude (per 1,000 people)",DYN-CBRT,IN,SP,"PER 1,000 PEOPLE"
57,SP.DYN.CDRT.IN,"Death rate, crude (per 1,000 people)",DYN-CDRT,IN,SP,"PER 1,000 PEOPLE"
67,SP.DYN.LE00.IN,"Life expectancy at birth, total (years)",DYN-LE00,IN,SP,YEARS
80,SP.POP.0014.FE.IN,"Population ages 0-14, female",POP-0014,IN,SP,People
79,SP.POP.0014.MA.IN,"Population ages 0-14, male",POP-0014,IN,SP,People
75,SP.POP.1564.FE.IN,"Population ages 15-64, female",POP-1564,IN,SP,People
74,SP.POP.1564.MA.IN,"Population ages 15-64, male",POP-1564,IN,SP,People
76,SP.POP.1564.TO,"Population ages 15-64, total",POP-1564,TO,SP,People
77,SP.POP.65UP.FE.IN,"Population ages 65 and above, female",POP-65UP,IN,SP,People
78,SP.POP.65UP.MA.IN,"Population ages 65 and above, male",POP-65UP,IN,SP,People
9,SP.POP.TOTL,"Population, total",,--,SP,People
10,SP.URB.TOTL,Urban population,,--,SP,People
11,SP.URB.TOTL.IN.ZS,Urban population (% of total population),URB-TOTL,ZS,SP,% OF TOTAL POPULATION
65,TX.VAL.TECH.CD,High-technology exports (current US$),VAL-TECH,CD,TX,CURRENT US$
